Assembly_Segment,Booth_No,Total_Electors_2019,Pred_Turnout_Pct,Pred_Total_Votes,Pred_BJP_Vote_Share,Pred_BJP_Votes,Pred_INC_Vote_Share,Pred_INC_Votes,Pred_BSP_Vote_Share,Pred_BSP_Votes,Pred_ADK_Vote_Share,Pred_ADK_Votes,Pred_Other_Vote_Share,Pred_Other_Votes,Pred_Winner
Rohaniya,1,4978,0.11094066119097278,552,0.29778705624287144,164,0.22294512005017766,123,0.1652629158135511,91,0.1560871997941443,86,0.15791770809925562,87,BJP
Rohaniya,6,4829,0.12048102979792967,582,0.296084547819626,172,0.2144210673575522,125,0.1750616711153713,102,0.15663490088539175,91,0.15779781282205868,92,BJP
Rohaniya,11,4699,0.1284519248251548,604,0.31255874514996257,189,0.2136814026388128,129,0.1603492675938492,97,0.1555861304869471,94,0.15782445413042825,95,BJP
Rohaniya,16,4859,0.12463444361793437,606,0.28626281676653625,173,0.20873543467597747,126,0.17211931151476412,104,0.165538556540255,100,0.1673438805024671,101,BJP
Rohaniya,21,4812,0.11524382999237943,555,0.294335498345991,163,0.22765953105819808,126,0.1609263494626327,89,0.15747420525129543,87,0.15960441588188282,89,BJP
Rohaniya,26,4904,0.105183412902915,516,0.3169738072567725,164,0.2136329750954278,110,0.15845807078198948,82,0.15494134314394775,80,0.15599380372186247,80,BJP
Rohaniya,31,4769,0.10616239723734186,506,0.3015995614852737,153,0.21242655878048744,107,0.16915655874523042,86,0.15776624729612357,80,0.15905107369288488,80,BJP
Rohaniya,36,4653,0.11505664347045778,535,0.3045547201169476,163,0.21240470442665066,114,0.1630022024638151,87,0.15912143801100112,85,0.16091693498158557,86,BJP
Rohaniya,41,5000,0.10459228273852285,523,0.3177108532549015,166,0.21176660423436983,111,0.15863414967019054,83,0.15476855652532276,81,0.1571198363152154,82,BJP
Rohaniya,46,4991,0.12356304841068737,617,0.3127843910583134,193,0.2017200978591694,124,0.16778443026176285,104,0.15781075866911304,97,0.15990032215164124,99,BJP
Rohaniya,51,4705,0.1143275984863786,538,0.28555220878917,154,0.22525119006516933,121,0.16668123839938323,90,0.16041627672768058,86,0.1620990860185968,87,BJP
Rohaniya,56,4974,0.10769437467663544,536,0.27987137132353046,150,0.2308521482229609,124,0.16768040500945097,90,0.16013795152872126,86,0.16145812391533634,87,BJP
Rohaniya,61,4840,0.11004177373700588,533,0.29499457675245805,157,0.22443058203699545,120,0.16323889044904139,87,0.15748519204387568,84,0.1598507587176295,85,BJP
Rohaniya,66,4790,0.10656780470665286,510,0.27983172740095236,143,0.23685312269508335,121,0.16388938493816188,84,0.15910626236508496,81,0.1603195026007176,82,BJP
Rohaniya,71,4980,0.11520236415513173,574,0.2975924525773699,171,0.21756000240705559,125,0.1653732257086409,95,0.15854246629111124,91,0.16093185301582236,92,BJP
Rohaniya,76,4847,0.11327029503250957,549,0.3108155815530469,171,0.21367328019985454,117,0.16252127434220387,89,0.15527961895507458,85,0.1577102449498201,87,BJP
Rohaniya,81,4831,0.12387468116117581,598,0.3083834384425869,184,0.2155717154202564,129,0.1613827553786529,97,0.15592865260521638,93,0.15873343815328742,95,BJP
Rohaniya,86,4944,0.10988678977607824,543,0.2797264493172375,152,0.23141687589946366,126,0.171777550068036,93,0.1580644762276981,86,0.15901464848756475,86,BJP
Rohaniya,91,4904,0.12893425071382295,632,0.29670602535567353,188,0.21355432958833942,135,0.17018087929520104,108,0.15859176933187763,100,0.16096699642890844,102,BJP
Rohaniya,96,4719,0.1070863084083533,505,0.2890919836066224,146,0.2301524070882002,116,0.16302952407519186,82,0.1578746289585462,80,0.15985145627143937,81,BJP
Rohaniya,101,4850,0.10873774489994624,527,0.2671209664289462,141,0.22703641163920302,120,0.17400605262418475,92,0.16526585670695298,87,0.16657071260071288,88,BJP
Rohaniya,106,4934,0.1150209301753078,568,0.22895741324325536,130,0.28228732185226696,160,0.1666988579004359,95,0.16038365667533921,91,0.1616727503287025,92,INC
Rohaniya,111,4962,0.11352447507738841,563,0.3005064711426535,169,0.21659572672462865,122,0.16375371027589322,92,0.15849685242447933,89,0.16064723943234513,90,BJP
Rohaniya,116,4759,0.11472598128404735,546,0.29018912984387796,158,0.23155709871067426,126,0.16272675912223677,89,0.1571436428975108,86,0.15838336942570022,86,BJP
Rohaniya,121,4705,0.11384620602529054,536,0.31307395137512867,168,0.20760670189452807,111,0.16339914948468584,88,0.1571481213763185,84,0.15877207586933897,85,BJP
Rohaniya,126,4717,0.10732892009631509,506,0.27239032763481247,138,0.24138457792802454,122,0.1660169648756002,84,0.15931792419893887,81,0.16089020536262394,81,BJP
Rohaniya,131,4712,0.10813265181138347,510,0.29483983469764563,150,0.21995111997958555,112,0.16450335164110122,84,0.15937723391645392,81,0.1613284597652138,82,BJP
Rohaniya,136,4997,0.10212892890769779,510,0.2997127592435839,153,0.21044196935517273,107,0.1678615481959356,86,0.1604928673224805,82,0.1614908558828273,82,BJP
Rohaniya,141,4820,0.11039496613351395,532,0.29410539255030155,156,0.22864290283668148,122,0.16189598649743756,86,0.15656974071459376,83,0.15878597740098577,84,BJP
Rohaniya,146,4754,0.11086920635342888,527,0.3049006315367734,161,0.20982951946661876,111,0.16467670610939425,87,0.15940452911091915,84,0.16118861377629448,85,BJP
Rohaniya,151,4863,0.11187104492365464,544,0.3021799969542976,164,0.21825436059389308,119,0.16435856955411338,89,0.1565139063946235,85,0.15869316650307255,86,BJP
Rohaniya,156,4930,0.11757231791568953,580,0.28523930228775585,165,0.2305786934056867,134,0.1662218064882646,96,0.1578113314903429,92,0.16014886632794995,93,BJP
Rohaniya,161,5036,0.10257230211962477,517,0.31387141845206845,162,0.21376220549179378,111,0.16063768016399607,83,0.15506981728537506,80,0.15665887860676675,81,BJP
Rohaniya,166,4802,0.10984552237394701,527,0.3162377045909581,167,0.20519699774251302,108,0.1629629661109632,86,0.15651914517049287,82,0.15908318638507288,84,BJP
Rohaniya,171,4984,0.12407116766975992,618,0.2924824854718229,181,0.2232501400859597,138,0.16717357107978878,103,0.15762960979073237,97,0.1594641935716962,99,BJP
Rohaniya,176,4840,0.10382929511652951,503,0.3074711940493013,155,0.21466365335597667,108,0.16466880589720972,83,0.15575576894757778,78,0.15744057774993447,79,BJP
Rohaniya,181,4900,0.1147057999833027,562,0.3022630255945454,170,0.21146932765331558,119,0.16651280722227718,94,0.15881446251623685,89,0.16094037701362512,90,BJP
Rohaniya,186,4737,0.11855535648876647,562,0.30684022744342604,172,0.21424203016527324,120,0.16259281159487152,91,0.1569033676662874,88,0.15942156313014194,90,BJP
Rohaniya,191,4848,0.09575939150560515,464,0.2957440817997785,137,0.21981648858351766,102,0.16534421803489258,77,0.1584293595481601,74,0.16066585203365127,75,BJP
Rohaniya,196,5051,0.11033551302311058,557,0.303541741149628,169,0.21676940411198464,121,0.16352885234889633,91,0.1570783432198429,87,0.15908165916964806,89,BJP
Rohaniya,201,5002,0.12428230049327556,622,0.316214342375163,197,0.2117933433215661,132,0.1617124121303769,101,0.1542633168839987,96,0.15601658528889523,97,BJP
Rohaniya,206,4749,0.11336729847005882,538,0.3070081785036336,165,0.20530040815604694,110,0.1666830533879812,90,0.15941152633192762,86,0.16159683362041052,87,BJP
Rohaniya,211,4918,0.10771009131150543,530,0.29432078425593566,156,0.21985571024246942,117,0.16646640266695595,88,0.15869495172852202,84,0.16066215110611695,85,BJP
Rohaniya,216,4717,0.10140354866131611,478,0.2886266335878314,138,0.22869241936816812,109,0.16416427889316434,78,0.15845487798462296,76,0.16006179016621305,77,BJP
Rohaniya,221,4815,0.11599354541998631,559,0.29502709429996415,165,0.22476104822054177,126,0.16374878751000563,92,0.1569137435347684,88,0.15954932643472003,89,BJP
Rohaniya,226,5027,0.09923160738488514,499,0.2965747503257266,148,0.2211556286830675,110,0.16545354354584246,83,0.15731366260060858,78,0.15950241484475475,80,BJP
Rohaniya,231,4925,0.10365029607208691,510,0.2947841390111944,150,0.22733314630653306,116,0.16106244420965682,82,0.1575816999796676,80,0.1592385704929482,81,BJP
Rohaniya,236,4946,0.10314377615133861,510,0.2910797176675402,148,0.22933844414568844,117,0.16277729587731965,83,0.15703061020911827,80,0.15977393210033347,81,BJP
Rohaniya,241,4793,0.10839122572396083,520,0.28805660168200786,150,0.2243600304004312,117,0.16534184402389404,86,0.15947393002300345,83,0.16276759387066356,85,BJP
Rohaniya,246,4752,0.11848352477778881,563,0.3177890452445339,179,0.20037415094686292,113,0.16474785203671935,93,0.1570685948864412,88,0.1600203568854425,90,BJP
Rohaniya,251,4958,0.10797749254455903,535,0.2854353330806503,153,0.22463059907088065,120,0.16850020419789952,90,0.15980882360233972,85,0.1616250400482298,86,BJP
Rohaniya,256,4699,0.12079394884632148,568,0.3008593357239675,171,0.22266261408533253,126,0.1615481537505484,92,0.15642363659183123,89,0.15850625984832037,90,BJP
Rohaniya,261,4900,0.09524612687532985,467,0.25309298076812753,118,0.2650643181611976,124,0.1654476795692127,77,0.15713454557567944,73,0.1592604759257828,74,INC
Rohaniya,266,4801,0.10481529893295592,503,0.3122895067829245,157,0.20057228677026348,101,0.16572727911117488,83,0.16045653959837286,81,0.16095438773726436,81,BJP
Rohaniya,271,4758,0.11944165231781737,568,0.2982654923608952,169,0.21736368542294823,123,0.16402059853615045,93,0.15918077642478484,90,0.16116944725522112,92,BJP
Rohaniya,276,4954,0.0908020886996901,450,0.2880978514981243,130,0.2270483858877752,102,0.1643611889608171,74,0.15943859325454307,72,0.16105398039874036,72,BJP
Rohaniya,281,4809,0.11463598310044495,551,0.3146553834915554,173,0.212329045810555,117,0.16039392785820916,88,0.15532735597442604,86,0.15729428686525435,87,BJP
Rohaniya,286,4976,0.10843768722191545,540,0.32178978752781157,174,0.20009716318459914,108,0.16194197624620352,87,0.15738475920850856,85,0.15878631383287714,86,BJP
Rohaniya,291,5032,0.10210673110996604,514,0.2649624536047506,136,0.24586074807735364,126,0.16761017788898117,86,0.1602124330081975,82,0.16135418742071717,83,BJP
Rohaniya,296,5028,0.11070132950537967,557,0.2823325869471973,157,0.2299055780745956,128,0.16568551865285686,92,0.15988391499483856,89,0.16219240133051155,90,BJP
Rohaniya,301,4874,0.10462250273959153,510,0.27968355497453923,143,0.2256293536539737,115,0.1677898113768102,86,0.16271649265609325,83,0.16418078733858346,84,BJP
Rohaniya,306,4931,0.11002947009153169,543,0.2922044269237999,159,0.22768629736135415,124,0.1622084416901405,88,0.15858455989853928,86,0.15931627412616614,87,BJP
Rohaniya,311,4732,0.1210123931715245,573,0.2882180062692009,165,0.23016458643850052,132,0.16341233712386252,94,0.15781427749652194,90,0.16039079267191417,92,BJP
Rohaniya,316,4824,0.09618566722006314,464,0.2919904802262737,135,0.2276354225727515,106,0.16578537976228436,77,0.15614431634887443,72,0.15844440108981592,74,BJP
Rohaniya,321,5005,0.09891779782314016,495,0.282424622555673,140,0.23221675703191194,115,0.1648919262703078,82,0.15908177205496168,79,0.16138492208714558,80,BJP
Rohaniya,326,4945,0.12085177066705682,598,0.27957146377311776,167,0.2431657206223096,145,0.1620411381538816,97,0.15687473773426056,94,0.15834693971643046,95,BJP
Rohaniya,331,4984,0.10781509826542765,537,0.2771791760868217,149,0.23697305419211553,127,0.16485786227874305,89,0.15990797259799797,86,0.16108193484432176,87,BJP
Rohaniya,336,4679,0.11719267212431453,548,0.304844704722311,167,0.21638823939255064,119,0.16282301988272457,89,0.1570954403586552,86,0.15884859564375867,87,BJP
Rohaniya,341,4815,0.11902529727872102,573,0.29932840363857954,172,0.22962682734183923,132,0.1589567733922529,91,0.15556090321036128,89,0.15652709241696694,90,BJP
Rohaniya,346,4714,0.11122300381488867,524,0.31186910663002165,163,0.21837124676922287,114,0.15754219712408066,83,0.15489279622395286,81,0.1573246532527219,82,BJP
Rohaniya,351,4956,0.10489925841803294,520,0.29041330503670537,151,0.22915638277341185,119,0.1635552684815922,85,0.15778411825810662,82,0.1590909254501839,83,BJP
Rohaniya,356,4934,0.10219878797329103,504,0.30187911031890013,152,0.21837382015298326,110,0.16235017439542776,82,0.15769857169348397,79,0.15969832343920487,80,BJP
Rohaniya,361,4840,0.11866288008746718,574,0.28846092358728154,166,0.24252279678710523,139,0.15968891719987174,92,0.15376909407624437,88,0.1555582683494972,89,BJP
Rohaniya,366,4849,0.10334046958065421,501,0.23778318239199353,119,0.26593089334869846,133,0.1698520411858787,85,0.16286361642334027,82,0.16357026665008897,82,INC
Rohaniya,371,4727,0.1048616441885912,496,0.28856272837345914,143,0.2326446765985795,115,0.16248626575168695,81,0.1578251813763843,78,0.15848114789989018,79,BJP
Rohaniya,376,4938,0.11111809484171829,549,0.29154583189635574,160,0.22950156438255817,126,0.16194409831890844,89,0.15755341387111116,86,0.1594550915310664,88,BJP
Rohaniya,381,4705,0.10319129873347752,486,0.299175002045286,145,0.22722283052419062,110,0.16064373592352565,78,0.15598603999601446,76,0.15697239151098324,76,BJP
Rohaniya,386,4931,0.108294709293825,534,0.27212699692256387,145,0.24307788043540682,130,0.16445508205365109,88,0.15934819474980463,85,0.16099184583857357,86,BJP
Rohaniya,391,5020,0.1254306858261434,630,0.299706563436397,189,0.2223554289079485,140,0.16266560609744352,102,0.15649588122544786,99,0.1587765203327631,100,BJP
Rohaniya,396,4764,0.11896031054631348,567,0.29638277178919264,168,0.21714909238824287,123,0.16730557988649514,95,0.15890866895373423,90,0.16025388698233514,91,BJP
Rohaniya,401,4931,0.10766844431442851,531,0.27514642937989287,146,0.24058363547645323,128,0.1667888452694566,89,0.15821394306858763,84,0.15926714680560985,85,BJP
Sevapuri,5,4930,0.08998169214773187,444,0.27386969507212083,122,0.24389587731040138,108,0.1681834949696202,75,0.15621986882013347,69,0.1578310638277241,70,BJP
Sevapuri,10,4771,0.10008832169543372,478,0.2925500971861177,140,0.22705794000536553,109,0.1629492239786087,78,0.1578708643683186,75,0.15957187446158955,76,BJP
Sevapuri,15,4962,0.12155452832345644,603,0.3152650892771688,190,0.21086386825566078,127,0.16347859562388847,99,0.15410335101582068,93,0.15628909582746123,94,BJP
Sevapuri,20,4712,0.11449929147711731,540,0.32822309388734794,177,0.20296363814427282,110,0.16132921906081704,87,0.15290477381582307,83,0.15457927509173927,83,BJP
Sevapuri,25,4674,0.10229773937720862,478,0.2901479737668184,139,0.2237871622402684,107,0.16525541600813218,79,0.15972067831680511,76,0.16108876966797586,77,BJP
Sevapuri,30,4854,0.11590924441995093,563,0.3027917579779038,170,0.2126689808722462,120,0.16514340266582728,93,0.15814169561512784,89,0.16125416286889488,91,BJP
Sevapuri,35,4962,0.10769176923947803,534,0.30218758862166273,161,0.22033364274655498,118,0.16192931802276866,86,0.1571082612891234,84,0.15844118931989026,85,BJP
Sevapuri,40,5064,0.10773923762320563,546,0.2791606660835256,152,0.2317447951663316,127,0.16597558377098087,91,0.16067789456761544,88,0.16244106041154652,89,BJP
Sevapuri,45,4997,0.11109152871511137,555,0.3193795014355639,177,0.21399252587761622,119,0.16148202158629946,90,0.15163008442662831,84,0.15351586667389208,85,BJP
Sevapuri,50,5040,0.10938042646005286,551,0.30015443863883534,165,0.22026671479817855,121,0.16299302114002345,90,0.15697788638961344,86,0.15960793903334922,88,BJP
Sevapuri,55,4877,0.10935973861517631,533,0.28497802980729187,152,0.229931442243546,123,0.16611678891184414,89,0.1580780394537344,84,0.16089569958358352,86,BJP
Sevapuri,60,4837,0.12797577920020595,619,0.3007623358314695,186,0.21169236321763477,131,0.16564756704533365,103,0.15972624257656973,99,0.16217149132899247,100,BJP
Sevapuri,65,4962,0.10741509901577538,533,0.28030143847787453,149,0.23253019894593832,124,0.16774429192273999,89,0.15905377405048718,85,0.16037029660296007,85,BJP
Sevapuri,70,4806,0.10854533749087622,522,0.27114658024543375,142,0.2456349664919677,128,0.163586215555169,85,0.15906316623155015,83,0.16056907147587954,84,BJP
Sevapuri,75,4881,0.10666635682275413,521,0.31525855421013294,164,0.20795536764341072,108,0.1623542623647545,85,0.1562495369111445,81,0.15818227887055739,82,BJP
Sevapuri,80,4838,0.11116360276863065,538,0.26417178040906636,142,0.23889503718797217,129,0.17073096376225158,92,0.16250409089341059,87,0.1636981277472993,88,BJP
Sevapuri,85,4822,0.11745587714990033,566,0.2947983098420422,167,0.22281458179888988,126,0.16457225624530744,93,0.15784730929532795,89,0.15996754281843262,91,BJP
Sevapuri,90,4798,0.11813614409993303,567,0.29581883313185936,168,0.22044410675671539,125,0.16441906772392365,93,0.15829843323787512,90,0.16101955914962632,91,BJP
Sevapuri,95,4965,0.1300201910144445,646,0.28812248778434063,186,0.2256930159679488,146,0.1648117329140796,106,0.15936524937927724,103,0.1620075139543538,105,BJP
Sevapuri,100,4932,0.11801310809429548,582,0.2773862297964861,161,0.23122747142689581,135,0.16713585217397214,97,0.16131398697734628,94,0.16293645962529976,95,BJP
Sevapuri,105,4749,0.11626524528703762,552,0.2907986829016401,161,0.21699334313678592,120,0.16775887408668397,93,0.16120585840501167,89,0.16324324146987837,90,BJP
Sevapuri,110,4905,0.10673479944321912,524,0.3279801150110675,172,0.1953480490158042,102,0.1632237494051469,86,0.15592694154373402,82,0.15752114502424763,83,BJP
Sevapuri,115,4784,0.1108378970548749,530,0.28579215953418413,151,0.2268532798325017,120,0.16566058947670995,88,0.1597874450199716,85,0.16190652613663262,86,BJP
Sevapuri,120,5036,0.11720923783620894,590,0.31524022839690424,186,0.21002530723631715,124,0.16090622514347996,95,0.15587748745733734,92,0.1579507517659613,93,BJP
Sevapuri,125,4778,0.1045222237434109,499,0.2920704187904136,146,0.2296371689602365,115,0.16170756235101702,81,0.15723139933535726,78,0.15935345056297567,80,BJP
Sevapuri,130,4922,0.10535649762813348,519,0.2953143793814805,153,0.22561940892801471,117,0.16254013041405346,84,0.15715759695872028,82,0.15936848431773107,83,BJP
Sevapuri,135,4903,0.10537437614582902,517,0.31806281151277793,164,0.20320464741216057,105,0.16351769699675733,85,0.1561897515854711,81,0.1590250924928331,82,BJP
Sevapuri,140,4867,0.11445362254195614,557,0.3225228540405149,180,0.20375277888420315,113,0.16026614952335122,89,0.1559688168359476,87,0.15748940071598325,88,BJP
Sevapuri,145,4708,0.10334993643925128,487,0.2889855305325065,141,0.22953501178101496,112,0.16342582029501793,80,0.15802116948195433,77,0.16003246790950632,78,BJP
Sevapuri,150,4789,0.11472554305516686,549,0.3063600089378785,168,0.21048116477468767,116,0.1694450344972314,93,0.15534655860738264,85,0.15836723318281978,87,BJP
Sevapuri,155,5029,0.11911781025688102,599,0.3091642416907441,185,0.21302907558781992,128,0.1620919707344697,97,0.15699126309494363,94,0.15872344889202278,95,BJP
Sevapuri,160,4852,0.10509535694715802,510,0.21787023539582598,111,0.3037570271476159,155,0.1655668284709361,84,0.1559082962855861,80,0.15689761270003602,80,INC
Sevapuri,165,4768,0.10605646393462229,506,0.31172328915247355,158,0.20502168327152095,104,0.16576875683270564,84,0.15804183562417373,80,0.15944443511912612,81,BJP
Sevapuri,170,4671,0.11374078356462183,531,0.32220253880930555,171,0.19993054435828006,106,0.16352107820387868,87,0.15678250001104505,83,0.15756333861749075,84,BJP
Sevapuri,175,4890,0.11584174767360507,566,0.28843465482651964,163,0.22536763332885024,128,0.16677973082356448,94,0.15923820941029573,90,0.16017977161077002,91,BJP
Sevapuri,180,4885,0.10276457107463376,502,0.2917906898402103,146,0.22501090665499254,113,0.16429832228064312,82,0.15815414956159624,79,0.16074593166255782,81,BJP
Sevapuri,185,4917,0.10002714280257194,492,0.30410873992610876,150,0.2103763011512383,104,0.17156749650506914,84,0.1564787491158957,77,0.1574687133016881,77,BJP
Sevapuri,190,4878,0.1129635327519488,551,0.31317846953723427,173,0.21781951448350914,120,0.1574213356450832,87,0.15457733419500325,85,0.15700334613917014,87,BJP
Sevapuri,195,4721,0.09322031952573534,440,0.29584789893114927,130,0.2203845357300389,97,0.1673807498052299,74,0.15708838331747346,69,0.1592984322161085,70,BJP
Sevapuri,200,4955,0.09323732352551833,462,0.2965789230565108,137,0.22619545870991717,105,0.16169460913679848,75,0.1571083416547463,73,0.15842266744202724,73,BJP
Sevapuri,205,4800,0.10593271617151177,508,0.29849024424388043,152,0.23031759880681793,117,0.15931632836366033,81,0.15462071748524797,79,0.15725511110039322,80,BJP
Sevapuri,210,4686,0.11648932680413986,546,0.2857523002803679,156,0.2213384119352011,121,0.16676153273499017,91,0.16226952409213816,89,0.1638782309573025,89,BJP
Sevapuri,215,4714,0.11053599188804891,521,0.2784177885486667,145,0.23372780683179706,122,0.16738767446099653,87,0.15940971550090569,83,0.16105701465763392,84,BJP
Sevapuri,220,4913,0.11854246099056659,582,0.2903878389952699,169,0.2242581868412926,131,0.16467271751690835,96,0.1592039211166667,93,0.1614773355298625,94,BJP
Sevapuri,225,4852,0.12356090197194287,600,0.27721708109496945,166,0.23092010707317862,139,0.16656754437405014,100,0.1618009412572593,97,0.16349432620054238,98,BJP
Sevapuri,230,4921,0.10726002343640138,528,0.22940826104028997,121,0.2766226528542056,146,0.16924437560240066,89,0.16184614471806366,85,0.16287856578504004,86,INC
Sevapuri,235,4929,0.11524567216856378,568,0.27061752258061283,154,0.23717722772745287,135,0.1669075473549233,95,0.16161225169463841,92,0.16368545064237264,93,BJP
Sevapuri,240,4957,0.12263824749740533,608,0.29596778849808186,180,0.21652952493056674,132,0.16629751719914007,101,0.15953930839087557,97,0.1616658609813358,98,BJP
Sevapuri,245,4797,0.11533718894282667,553,0.2803392378594267,155,0.2330022476769249,129,0.1650794745261595,91,0.16046093739449482,89,0.16111810254299394,89,BJP
Sevapuri,250,4755,0.12468145916261474,593,0.2857439805936962,169,0.2263624507346462,134,0.16819854718900928,100,0.1588312651820933,94,0.16086375630055494,95,BJP
Sevapuri,255,4673,0.10920914198375511,510,0.2872062288008667,146,0.2282337861166589,116,0.1657255748617848,85,0.15876341835309823,81,0.16007099186759138,82,BJP
Sevapuri,260,4765,0.10824544918514442,516,0.2867232212234316,148,0.23000667583743425,119,0.16507936499644896,85,0.15877028985608216,82,0.159420448086603,82,BJP
Sevapuri,265,4997,0.12793533417236574,639,0.3235757243518042,207,0.19747583171836922,126,0.16353267904758198,104,0.15670332098024306,100,0.15871244390200173,101,BJP
Sevapuri,270,4730,0.10308370321412193,488,0.30746463727132906,150,0.2154306826386262,105,0.16234354213125235,79,0.15669144699935184,76,0.15806969095944065,77,BJP
Sevapuri,275,4879,0.10186861705939572,497,0.3082800418934474,153,0.21318651997932458,106,0.16456542295626864,82,0.15601963728450688,78,0.15794837788645238,79,BJP
Sevapuri,280,4777,0.13192979627071713,630,0.2963929652748706,187,0.21504535807072533,135,0.16885100533973516,106,0.1591179672869487,100,0.1605927040277202,101,BJP
Sevapuri,285,4708,0.114930379781251,541,0.30369855142719193,164,0.21185878438108435,115,0.16615862993421338,90,0.15845100055996553,86,0.1598330336975449,86,BJP
Sevapuri,290,4793,0.10710555541518765,513,0.30302032050620187,155,0.21885880314326223,112,0.16125229526590082,83,0.1573787022092803,81,0.15948987887535473,82,BJP
Sevapuri,295,4760,0.11468374160796077,546,0.3076468834043001,168,0.2151753709909946,117,0.16254449336065432,89,0.1562788462009462,85,0.15835440604310475,86,BJP
Sevapuri,300,4946,0.11443497043935415,566,0.30851201882285856,175,0.22129910103499167,125,0.15962058085675318,90,0.15417740599734125,87,0.15639089328805528,89,BJP
Sevapuri,305,4679,0.12522954813146403,586,0.30396842111376826,178,0.2081612231530581,122,0.16876683442197557,99,0.15823883195948815,93,0.16086468935170983,94,BJP
Sevapuri,310,4841,0.1218466850083305,590,0.30217221595248495,178,0.2144433896941509,127,0.16384788396042413,97,0.15839330707018148,93,0.16114320332275864,95,BJP
Sevapuri,315,4889,0.1043610627217551,510,0.28880758548765695,147,0.23097101393344588,118,0.1628841880885037,83,0.15783432298448077,80,0.15950288950591268,81,BJP
Sevapuri,320,4841,0.09617055374517744,466,0.2928156029244944,136,0.23367663488350868,109,0.16082291776837754,75,0.15499545266583792,72,0.1576893917577814,73,BJP
Sevapuri,325,4694,0.1089957547086363,512,0.293078456489517,150,0.21780885522134735,112,0.16685998027593876,85,0.1605260814121584,82,0.16172662660103856,83,BJP
Sevapuri,330,4863,0.11557606235500616,562,0.2962217497861917,166,0.22345378692059903,126,0.1665939095848831,94,0.15576590241527696,88,0.1579646512930493,89,BJP
Sevapuri,335,4741,0.11166102225011736,529,0.3010555772443414,159,0.2255215678037042,119,0.15949505855543605,84,0.15573582559147472,82,0.15819197080504369,84,BJP
Sevapuri,340,4742,0.10482336193688985,497,0.2845324199202803,141,0.23489789781452605,117,0.16325651953753822,81,0.15748241310925126,78,0.15983074961840424,79,BJP
Sevapuri,345,5048,0.11407814196970363,576,0.2978151205496403,172,0.21681097379875405,125,0.1696515140976518,98,0.15683158482216922,90,0.15889080673178452,92,BJP
Sevapuri,350,4910,0.10766392079564567,529,0.30831452159597733,163,0.21015846299663685,111,0.1626095736692016,86,0.15844678452231659,84,0.16047065721586762,85,BJP
Sevapuri,355,4865,0.1264969257892417,615,0.31135682949411164,191,0.2088597301417003,128,0.16305501183589297,100,0.15670767068497884,96,0.16002075784331637,98,BJP
Sevapuri,360,4654,0.10439045452307726,486,0.3029171927284024,147,0.222130454113012,108,0.1614521558041521,78,0.15591355537975546,76,0.15758664197467803,77,BJP
Sevapuri,365,4918,0.10359667305370195,509,0.3113720192620311,158,0.21561396547286962,110,0.16098470702433432,82,0.1551965420864917,79,0.1568327661542731,80,BJP
Sevapuri,370,5017,0.12107207753847694,607,0.3130175154378337,190,0.21427821614327514,130,0.16038376711651825,97,0.15574325683734047,95,0.1565772444650325,95,BJP
Sevapuri,375,4634,0.1064177695117758,493,0.2531925231084164,125,0.26198344478245655,129,0.1660229997012748,82,0.15899488360106195,78,0.1598061488067904,79,INC
Sevapuri,380,5033,0.10763268515604131,542,0.29800228862936134,162,0.21694622240981892,118,0.16716446744139152,91,0.1582863515670388,86,0.1596006699523893,87,BJP
Sevapuri,385,4823,0.10096595224960173,487,0.30112966215203146,147,0.21969207822126552,107,0.16392901111126748,80,0.15683081671666457,76,0.15841843179877096,77,BJP
Sevapuri,390,4730,0.12889557499933446,610,0.29113668599608694,178,0.22191812996810914,135,0.16592846489009558,101,0.15928501177286242,97,0.16173170737284592,99,BJP
Sevapuri,395,4751,0.12320899086839662,585,0.29778249209782726,174,0.22177214288272137,130,0.1631910883019674,95,0.15727971914890734,92,0.15997455756857662,94,BJP
Sevapuri,400,4718,0.109894879573723,518,0.29198877889896924,151,0.2244226020254373,116,0.16470122644744864,85,0.15858707181324483,82,0.1603003208149,83,BJP
Varanasi Cantt,4,4882,0.1298200678118358,634,0.3082723873618457,195,0.20772657453755242,132,0.16467347880776692,104,0.15823023640403175,100,0.1610973228888031,102,BJP
Varanasi Cantt,9,4895,0.10095775832467407,494,0.2959863617294748,146,0.23109575863836931,114,0.1618410573827979,80,0.15433669307213285,76,0.15674012917722513,77,BJP
Varanasi Cantt,14,4804,0.10741414678149588,516,0.23843469470823905,123,0.27006183577176474,139,0.16959572906467468,88,0.16012696005334495,83,0.16178078040197663,83,INC
Varanasi Cantt,19,4969,0.10976071752781508,545,0.28467992643880796,155,0.22172830097279334,121,0.17124748045157115,93,0.160729256012318,88,0.16161503612450948,88,BJP
Varanasi Cantt,24,4905,0.11228269493758074,551,0.30772794526087033,170,0.21367532295052405,118,0.16403363455508613,90,0.15623886174945062,86,0.1583242354840689,87,BJP
Varanasi Cantt,29,4801,0.11304475327639842,543,0.29551468279721455,160,0.218912735979609,119,0.16494033760658272,90,0.15903660707853617,86,0.16159563653805759,88,BJP
Varanasi Cantt,34,4855,0.10801128412934453,524,0.2956536182065492,155,0.22210294310414014,116,0.1634476568200555,86,0.15851508035525746,83,0.16028070151399768,84,BJP
Varanasi Cantt,39,4963,0.11718138635377022,582,0.2719783016838214,158,0.23009307096524884,134,0.170949112075887,99,0.16221016377024208,94,0.1647693515048008,96,BJP
Varanasi Cantt,44,4815,0.11265427237314017,542,0.290374678439089,157,0.2256838285306252,122,0.16480167993746148,89,0.15899065710354573,86,0.16014915598927854,87,BJP
Varanasi Cantt,49,4654,0.10882663889254311,506,0.28784687938327846,146,0.22360249907595342,113,0.1661081433655334,84,0.16003878359910523,81,0.1624036945761295,82,BJP
Varanasi Cantt,54,4693,0.115607962045918,543,0.29291491956781596,159,0.21801272885577164,118,0.16850863797299645,92,0.15898904563892624,86,0.1615746679644897,88,BJP
Varanasi Cantt,59,4740,0.10860756734912681,515,0.27760436850941306,143,0.23062629631111206,119,0.16651518050723133,86,0.16170433083789812,83,0.16354982383434535,84,BJP
Varanasi Cantt,64,4839,0.10596751932933615,513,0.2903748208260469,149,0.22756626037511193,117,0.163450345101521,84,0.1582955457545799,81,0.1603130279427404,82,BJP
Varanasi Cantt,69,4794,0.11025275436295003,529,0.2784456929157745,147,0.2258045346978941,119,0.16898287252211172,89,0.1632255874240421,86,0.16354131244017758,87,BJP
Varanasi Cantt,74,4784,0.10364926470775036,496,0.3168214963085696,157,0.21476058230467598,107,0.15799633333839846,78,0.15438488185990462,77,0.15603670618845125,77,BJP
Varanasi Cantt,79,5030,0.10310008263145944,519,0.2988957451386247,155,0.21774904239600232,113,0.16474453861957936,86,0.1583448285936055,82,0.16026584525218804,83,BJP
Varanasi Cantt,84,4802,0.11831480608151856,568,0.2902541807943861,165,0.22924063233778585,130,0.16262447835331864,92,0.157918230240789,90,0.15996247827372037,91,BJP
Varanasi Cantt,89,4916,0.11204896801466226,551,0.29979725467581636,165,0.21930136566162958,121,0.1633882714358771,90,0.15795672254037452,87,0.1595563856863025,88,BJP
Varanasi Cantt,94,4920,0.10859320028595076,534,0.29959402936793805,160,0.21486261500280118,115,0.174064920348525,93,0.15460855520590913,83,0.15686988007482663,84,BJP
Varanasi Cantt,99,4689,0.12012974270420623,563,0.2931112021530391,165,0.22384866174762572,126,0.16409169777467106,92,0.15794847838797474,89,0.1609999599366894,91,BJP
Varanasi Cantt,104,5002,0.10362703442998278,518,0.3072122621963983,159,0.2157882759766819,112,0.16238241837103165,84,0.15608644967278448,81,0.15853059378310363,82,BJP
Varanasi Cantt,109,5012,0.11070878668570767,555,0.30371787358329144,169,0.2187202808706677,121,0.16252236034679912,90,0.15736540089320353,87,0.15767408430603833,88,BJP
Varanasi Cantt,114,4666,0.09868753814498497,460,0.29248179244216965,135,0.21781517020999652,100,0.16582593217107763,76,0.16172878733824086,74,0.16214831783851535,75,BJP
Varanasi Cantt,119,4722,0.09673792554282497,457,0.30278322569043237,138,0.2222608659357759,102,0.16155458913243181,74,0.15549396194729384,71,0.15790735729406616,72,BJP
Varanasi Cantt,124,4743,0.09972813227527544,473,0.3062880921772082,145,0.21812858140904468,103,0.15994259210351178,76,0.15690433209516783,74,0.1587364022150673,75,BJP
Varanasi Cantt,129,4842,0.1137656679176185,551,0.3041363457848528,168,0.2203244013259538,121,0.1630173621710577,90,0.15537231799286808,86,0.15714957272526747,87,BJP
Varanasi Cantt,134,5025,0.11421282871220995,574,0.28841777226720455,166,0.22619196893555316,130,0.16449507286421372,94,0.16029668810087644,92,0.1605984978321521,92,BJP
Varanasi Cantt,139,4940,0.10688127299244038,528,0.29985592507879283,158,0.22227995906524697,117,0.16504751145816024,87,0.15550779024583428,82,0.15730881415196565,83,BJP
Varanasi Cantt,144,4767,0.10516152085941537,501,0.27058763654172513,136,0.24890528337372064,125,0.16551231295086496,83,0.15709898695281857,79,0.1578957801808706,79,BJP
Varanasi Cantt,149,5041,0.10456901585495715,527,0.30381904403791926,160,0.21578672140955557,114,0.16262165002178403,86,0.15797147677264006,83,0.15980110775810114,84,BJP
Varanasi Cantt,154,4832,0.10769479102556188,520,0.2936499392427547,153,0.22731295836797125,118,0.16248399935779045,84,0.15703895932461356,82,0.15951414370687006,83,BJP
Varanasi Cantt,159,4743,0.11050239423544074,524,0.30604125643750113,160,0.20658795059981971,108,0.16696173745986972,87,0.15954018018459296,84,0.16086887531821642,84,BJP
Varanasi Cantt,164,4910,0.10386238222728052,510,0.31369338169368555,160,0.20689878102269524,106,0.1631529084919063,83,0.15700268029842307,80,0.15925224849328984,81,BJP
Varanasi Cantt,169,4901,0.12880427247870152,631,0.30700198736694756,194,0.20574821808952395,130,0.16630514923835307,105,0.15902442492836075,100,0.16192022037681467,102,BJP
Varanasi Cantt,174,4671,0.1111729527678289,519,0.2703847869117649,140,0.228066709961174,118,0.17380576013888024,90,0.16309539784399524,85,0.1646473451441857,85,BJP
Varanasi Cantt,179,5004,0.12912559884465147,646,0.2953369644728541,191,0.22291085977270003,144,0.16399719627543277,106,0.15780102475205504,102,0.15995395472695811,103,BJP
Varanasi Cantt,184,4672,0.1155638988401868,540,0.3001501957084716,162,0.2202676388824195,119,0.162871655258832,88,0.15735175304971377,85,0.15935875710056305,86,BJP
Varanasi Cantt,189,5047,0.10774508437368377,544,0.29591336914204147,161,0.2212937529284615,120,0.16345131359858792,89,0.1586392864578967,86,0.16070227787301244,87,BJP
Varanasi Cantt,194,4920,0.10935261834185521,538,0.28024422375595714,151,0.23604847413061109,127,0.1643695185971476,88,0.1590745353134059,86,0.1602632482028783,86,BJP
Varanasi Cantt,199,5025,0.11200263722019584,563,0.29186731254562065,164,0.21949316255593385,124,0.1683981424614706,95,0.15944206204778,90,0.16079932038919495,91,BJP
Varanasi Cantt,204,4996,0.1079477905474803,539,0.27451730560041865,148,0.2368345720063136,128,0.16723364378039063,90,0.1597349330571881,86,0.16167954555568906,87,BJP
Varanasi Cantt,209,4663,0.11913876043505668,556,0.3051727385289728,170,0.2112318993695655,117,0.16603409400311572,92,0.1579676029518704,88,0.1595936651464756,89,BJP
Varanasi Cantt,214,4848,0.11241986029109247,545,0.3010976241861098,164,0.218922152284408,119,0.16239661741458733,89,0.1577751389948613,86,0.15980846712003363,87,BJP
Varanasi Cantt,219,4787,0.11959333076520116,572,0.298730433599377,171,0.22374216986328552,128,0.1620280279435077,93,0.15670034001927083,90,0.1587990285745589,91,BJP
Varanasi Cantt,224,5037,0.10526304364452646,530,0.28955769278457927,153,0.22302676157137014,118,0.1639798479908731,87,0.16090576684126334,85,0.1625299308119142,86,BJP
Varanasi Cantt,229,4861,0.12447304469332073,605,0.31356715032231025,190,0.2079299881195971,126,0.16229598047804197,98,0.15705244159838616,95,0.1591544394816645,96,BJP
Varanasi Cantt,234,4985,0.10222291200720683,510,0.3150458513569077,161,0.20831636528663855,106,0.16163739638845415,82,0.1564528254279095,80,0.15854756154009003,81,BJP
Varanasi Cantt,239,4750,0.10350274106974178,492,0.299047413530404,147,0.223131954832391,110,0.16122050116618397,79,0.15691147396588573,77,0.15968865650513545,79,BJP
Varanasi Cantt,244,4713,0.10528841329085001,496,0.2908444314730662,144,0.22708627208203608,113,0.16344017451566653,81,0.1584483912392174,79,0.16018073069001373,79,BJP
Varanasi Cantt,249,4824,0.10868373274414586,524,0.2854713178112415,150,0.23393794477834742,123,0.1628634652227517,85,0.15798173969768112,83,0.1597455324899781,84,BJP
Varanasi Cantt,254,4906,0.11509368487066854,565,0.30744402157906103,174,0.2068344437645068,117,0.16473344214663338,93,0.1595769993000376,90,0.16141109320976105,91,BJP
Varanasi Cantt,259,4676,0.12495407041849159,584,0.3119260613498566,182,0.21531756188072423,126,0.16187095145644192,95,0.15442695241247045,90,0.15645847290050685,91,BJP
Varanasi Cantt,264,4691,0.09899728667625032,464,0.31245109305442237,145,0.21599624050613164,100,0.1609085711741813,75,0.1545351523242288,72,0.1561089429410358,72,BJP
Varanasi Cantt,269,4710,0.10336523507433582,487,0.309481830345644,151,0.21273496172719314,104,0.16182689175157666,79,0.1572024999265366,77,0.1587538162490494,77,BJP
Varanasi Cantt,274,4931,0.11822287353952175,583,0.2833197335369896,165,0.22656564572785914,132,0.16684505441223776,97,0.16041866364133328,94,0.1628509026815803,95,BJP
Varanasi Cantt,279,5019,0.11230381854051993,564,0.2961094059512992,167,0.2200551593450871,124,0.16376501127922322,92,0.1590209696975103,90,0.16104945372688018,91,BJP
Varanasi Cantt,284,4661,0.10690966181116711,498,0.30136866781993743,150,0.21840550904895165,109,0.16203392471102604,81,0.15827012177491928,79,0.15992177664516558,80,BJP
Varanasi Cantt,289,4755,0.10567453777320947,502,0.2940963159180209,148,0.22266485577277395,112,0.16553338083513017,83,0.15846216187731405,80,0.159243285596761,80,BJP
Varanasi Cantt,294,5002,0.10874251775360133,544,0.3194303810124342,174,0.20795210187695143,113,0.16180327907945316,88,0.15424644958625336,84,0.15656778844490787,85,BJP
Varanasi Cantt,299,4727,0.11493901514847074,543,0.3045067370172182,165,0.21830960875232575,119,0.16207197481732238,88,0.1566234648097638,85,0.15848821460336987,86,BJP
Varanasi Cantt,304,4713,0.0975604384428692,460,0.29335619117755823,135,0.22249289091378271,102,0.16456474559278472,76,0.1584375430679049,73,0.16114862924796933,74,BJP
Varanasi Cantt,309,4907,0.11963124376380149,587,0.2958515163612718,174,0.2225977814064144,131,0.1666211484985034,98,0.1573800729452664,92,0.15754948078854397,92,BJP
Varanasi Cantt,314,4975,0.1197138245422432,596,0.30435265363573616,181,0.21746933874383864,130,0.16194656841708144,97,0.15719335268324042,94,0.1590380865201032,95,BJP
Varanasi Cantt,319,4775,0.10648475670407603,508,0.3028448680528711,154,0.2098327041634423,107,0.1652421056126767,84,0.16040453133257626,81,0.16167579083843384,82,BJP
Varanasi Cantt,324,4936,0.1109330359012367,548,0.284900740265287,156,0.2264239864556085,124,0.16608089588583544,91,0.16067589806549143,88,0.16191847932777764,89,BJP
Varanasi Cantt,329,4727,0.12453208901249925,589,0.2972071722144409,175,0.21916835157492984,129,0.16463803780574546,97,0.1580642330430089,93,0.16092220536187493,95,BJP
Varanasi Cantt,334,4984,0.10411512060797191,519,0.3112900894838399,162,0.20732583703879096,108,0.16341168905343526,85,0.15786989716937283,82,0.16010248725456108,83,BJP
Varanasi Cantt,339,5038,0.1047412872316877,528,0.3023534705445282,160,0.21840682753385374,115,0.16329915988327418,86,0.15688712902174543,83,0.15905341301659845,84,BJP
Varanasi Cantt,344,4748,0.11529614396804945,547,0.2907807524193954,159,0.22673763916228276,124,0.16353064231136288,89,0.15829129034589695,87,0.1606596757610619,88,BJP
Varanasi Cantt,349,4818,0.10677590765271767,514,0.31721778560912156,163,0.20760387697593172,107,0.16010470258354498,82,0.15613215997666485,80,0.1589414748547369,82,BJP
Varanasi Cantt,354,4884,0.11034901016501139,539,0.3074268361570764,166,0.21229012152176616,114,0.164423728547428,89,0.1567251380716703,84,0.15913417570205915,86,BJP
Varanasi Cantt,359,4694,0.10604527275606568,498,0.2865890400223365,143,0.23491246661223278,117,0.16286154491118515,81,0.1567821356431521,78,0.1588548128110935,79,BJP
Varanasi Cantt,364,4932,0.1060768335877856,523,0.29006188863165616,152,0.23155393606345673,121,0.16219366933382742,85,0.1565207334593697,82,0.15966977251168996,84,BJP
Varanasi Cantt,369,4701,0.12245633769764336,576,0.29226090411755923,168,0.2193692166982355,126,0.1656989338807742,95,0.16030373391632685,92,0.16236721138710422,94,BJP
Varanasi Cantt,374,4953,0.11247237915392541,557,0.28191751129628567,157,0.22982766670394705,128,0.16514218937082176,92,0.16053287151865103,89,0.16257976111029454,91,BJP
Varanasi Cantt,379,4748,0.12829167748715886,609,0.2883643123279115,176,0.22216319675752866,135,0.1709625336716103,104,0.15900521709537338,97,0.1595047401475762,97,BJP
Varanasi Cantt,384,4936,0.1032031805685515,509,0.2906389289900392,148,0.22639518499724312,115,0.16543481696967344,84,0.15813386360241719,80,0.15939720544062708,81,BJP
Varanasi Cantt,389,4954,0.10836517753661658,537,0.2900551720733976,156,0.2282092567911732,123,0.1642932666668425,88,0.15776970590379263,85,0.15967259856479402,86,BJP
Varanasi Cantt,394,4973,0.125848453681848,626,0.3004252900447664,188,0.21660085734550022,136,0.16345946612489745,102,0.1583345137923363,99,0.1611798726924995,101,BJP
Varanasi Cantt,399,4687,0.10679607747819442,501,0.2695863194782062,135,0.24319865215042694,122,0.1646947231629632,83,0.16099782207819038,81,0.16152248313021328,81,BJP
Varanasi Cantt,404,4670,0.11346137911319042,530,0.30757909419889407,163,0.21214939638371097,112,0.16458604941654095,87,0.15670805853272107,83,0.15897740146813313,84,BJP
Varanasi North,2,4841,0.10251309518574284,496,0.30341245973047815,150,0.22358302315734704,111,0.16174763188026414,80,0.15474264577755953,77,0.15651423945435117,78,BJP
Varanasi North,7,4795,0.1269210212559558,609,0.2694215332200511,164,0.2547222595156788,155,0.16345828839140183,100,0.1556896569371547,95,0.15670826193571363,95,BJP
Varanasi North,12,4741,0.10747222044197235,510,0.3011286053171627,154,0.21496362460523585,110,0.16640858648346657,85,0.15819466825540623,81,0.15930451533872866,81,BJP
Varanasi North,17,4923,0.11522536327007642,567,0.2811947696147697,159,0.24043836724731305,136,0.16281271335346753,92,0.15688776805603308,89,0.15866638172841663,90,BJP
Varanasi North,22,4777,0.11440477474373262,547,0.3054678717018068,167,0.2142300972652636,117,0.16221018045262892,89,0.1583910259367839,87,0.15970082464351681,87,BJP
Varanasi North,27,4900,0.11091370754402519,543,0.31451735354837257,171,0.20976755454406296,114,0.1628591996074382,88,0.1554626167088745,84,0.1573932755912516,85,BJP
Varanasi North,32,4815,0.10395099450253867,501,0.3190084049755512,160,0.20402702275592885,102,0.1613380878751969,81,0.15716463028267327,79,0.1584618541106497,79,BJP
Varanasi North,37,4828,0.10903015587502547,526,0.27278581327176615,143,0.2426213564158334,128,0.1641189001913231,86,0.15947639197092714,84,0.1609975381501502,85,BJP
Varanasi North,42,4863,0.10968164774007547,533,0.2851557958710622,152,0.23106667663421668,123,0.16312279733444307,87,0.15952221743520664,85,0.16113251272507143,86,BJP
Varanasi North,47,4985,0.10600692695322927,528,0.3013019413702714,159,0.21934950977943124,116,0.1642360950656787,87,0.15621833791089884,82,0.15889411587371982,84,BJP
Varanasi North,52,4720,0.09970327284917563,471,0.30901644643644255,146,0.2153745750739398,101,0.16153776045665616,76,0.15648594951146655,74,0.15758526852149493,74,BJP
Varanasi North,57,4835,0.11042557706223387,534,0.31653409244691316,169,0.20000670601774187,107,0.16564650630942174,88,0.15847373660806033,85,0.15933895861786287,85,BJP
Varanasi North,62,4911,0.10123342213354042,497,0.29791737222001063,148,0.21911721252419394,109,0.16710677907833996,83,0.15709654332783268,78,0.15876209284962278,79,BJP
Varanasi North,67,4693,0.11102870354500703,521,0.31204209235928887,163,0.20949994241778752,109,0.16105669299324607,84,0.15768139045712318,82,0.1597198817725544,83,BJP
Varanasi North,72,4855,0.1170023272922938,568,0.30130670757464295,171,0.22358534649276868,127,0.16124206759283044,92,0.15555863013388455,88,0.15830724820587336,90,BJP
Varanasi North,77,4991,0.10476774823323064,523,0.28413012013626043,149,0.23193789645919655,121,0.16708906994365477,87,0.15775556062099552,83,0.1590873528398927,83,BJP
Varanasi North,82,4710,0.10754541435348888,507,0.3091219604727542,157,0.21996640670039602,112,0.1607267343392768,81,0.1539406102785552,78,0.15624428820901784,79,BJP
Varanasi North,87,4779,0.11740100890585023,561,0.28709171093523334,161,0.2252234603766739,126,0.16734680691121648,94,0.15957210020007723,90,0.16076592157679895,90,BJP
Varanasi North,92,4826,0.11720441671563155,566,0.3003409384992659,170,0.22273243074258336,126,0.1617472467803947,92,0.15653661471819266,89,0.1586427692595634,90,BJP
Varanasi North,97,5013,0.08312823858867245,417,0.32374256144083274,135,0.20242005040323083,84,0.16084141543601577,67,0.15553294613851995,65,0.15746302658140077,66,BJP
Varanasi North,102,5013,0.09783883986563653,490,0.221161179102096,108,0.2855006585208175,140,0.16913310978853308,83,0.16116766344419464,79,0.16303738914435872,80,INC
Varanasi North,107,4873,0.11394395809537508,555,0.2810991605327619,156,0.24238410820203232,135,0.16075554593220015,89,0.1575041048835621,87,0.15825708044944342,88,BJP
Varanasi North,112,5031,0.12164127999011821,612,0.2954188543635047,181,0.21536331068882372,132,0.1658647533583397,102,0.1604022826772905,98,0.1629507989120414,100,BJP
Varanasi North,117,4883,0.11474557180239929,560,0.3143105970525138,176,0.2132711638429838,119,0.1596593035918957,89,0.15503020533200645,87,0.15772873018060019,88,BJP
Varanasi North,122,4895,0.11210264738032323,549,0.31694450094889653,174,0.21110971454996702,116,0.16126930364909803,89,0.15482147402538204,85,0.15585500682665626,86,BJP
Varanasi North,127,4971,0.11735020873095424,583,0.3025811921168247,176,0.2140572670039639,125,0.16739500268380583,98,0.1574920345235743,92,0.1584745036718312,92,BJP
Varanasi North,132,4880,0.10797270391760026,527,0.291884798440573,154,0.22124518760941686,117,0.1668920401781891,88,0.1592989562087569,84,0.1606790175630643,85,BJP
Varanasi North,137,4984,0.11084055564832775,552,0.3059664037947005,169,0.2217188595811627,122,0.15981701278369795,88,0.1552174626338621,86,0.1572802612065765,87,BJP
Varanasi North,142,4888,0.11468952429905936,561,0.3063310319202471,172,0.2162178537352498,121,0.16235631099989337,91,0.15671364522892028,88,0.15838115811568948,89,BJP
Varanasi North,147,4899,0.111297534662514,545,0.2831397797620303,154,0.23277489398855652,127,0.1635578264790145,89,0.15989000623045418,87,0.16063749353994458,88,BJP
Varanasi North,152,4868,0.10500865500413926,511,0.2956690846838398,151,0.22375145956380574,114,0.16341752495333794,84,0.15790031842761515,81,0.15926161237140135,81,BJP
Varanasi North,157,4805,0.10854533749087622,522,0.27049690034846074,141,0.23721785324975106,124,0.16680643467166262,87,0.16201692805024057,85,0.16346188367988498,85,BJP
Varanasi North,162,4996,0.10449238791883628,522,0.295161185306328,154,0.2151985485564537,112,0.16680684514473046,87,0.16063149417010256,84,0.16220192682238516,85,BJP
Varanasi North,167,5053,0.11518659973169029,582,0.28189357669076104,164,0.24115760284320628,140,0.1623929226203329,95,0.15713428914716973,91,0.15742160869853009,92,BJP
Varanasi North,172,4760,0.11506347044455797,548,0.2950264995755288,162,0.22386133317243492,123,0.1627889683017842,89,0.15787589877112268,87,0.16044730017912934,88,BJP
Varanasi North,177,4896,0.10883994782969976,533,0.29431814976180326,157,0.22132407564380127,118,0.16505574704418222,88,0.1589277126081761,85,0.1603743149420371,85,BJP
Varanasi North,182,4871,0.11043583644759576,538,0.25080151804891154,135,0.25441807490910134,137,0.17038013574175068,92,0.1615254918047277,87,0.16287477949550866,88,INC
Varanasi North,187,4786,0.10273593829628136,492,0.29389593019281873,145,0.22715531021187255,112,0.1619021486863344,80,0.1576143859155491,78,0.1594322249934251,78,BJP
Varanasi North,192,4966,0.11094704262782118,551,0.2967217649128739,163,0.22634834174267332,125,0.1618034745431255,89,0.1565395827631226,86,0.15858683603820464,87,BJP
Varanasi North,197,4779,0.10335680269626063,494,0.3078387254985284,152,0.2155000244182556,106,0.16494715021144704,81,0.15527461616976618,77,0.15643948370200286,77,BJP
Varanasi North,202,5036,0.10827794077313663,545,0.3043945823962311,166,0.21328206215519135,116,0.1636668880241778,89,0.15835515639508344,86,0.16030131102931622,87,BJP
Varanasi North,207,4712,0.1009024210818821,475,0.30407480744017573,144,0.22028823063917938,105,0.1617186372946447,77,0.15567391933487998,74,0.15824440529112022,75,BJP
Varanasi North,212,4685,0.10249417209284463,480,0.32243422404049393,155,0.2084159387810179,100,0.16065063610303337,77,0.15343032887104674,74,0.15506887220440807,74,BJP
Varanasi North,217,4670,0.10869922674333689,508,0.2898980004620272,147,0.22834465321936787,116,0.16338147266566,83,0.15819593966386966,80,0.16017993398907546,81,BJP
Varanasi North,222,4785,0.11470319002191239,549,0.2898335172363752,159,0.22588955444110997,124,0.1647550039463467,90,0.1589192689639487,87,0.1606026554122194,88,BJP
Varanasi North,227,4730,0.11216067578163202,531,0.2826329446585458,150,0.23279485976353032,124,0.16377907730058738,87,0.15930175638977975,85,0.16149136188755686,86,BJP
Varanasi North,232,4777,0.10157452598664309,485,0.31065639090290736,151,0.21067135553155775,102,0.16359199787182532,79,0.1571671213695674,76,0.1579131343241421,77,BJP
Varanasi North,237,4794,0.1132298071791223,543,0.29059693797947184,158,0.21548901714032748,117,0.1690172351767479,92,0.16175246372579533,88,0.16314434597765737,89,BJP
Varanasi North,242,4884,0.10214105218772526,499,0.28642875214901037,143,0.23802632199213944,119,0.16046630758940522,80,0.15715963970933597,78,0.157918978560109,79,BJP
Varanasi North,247,5027,0.11443517277693227,575,0.29316026978724735,169,0.22886794551775477,132,0.16224535878567098,93,0.1570722384585904,90,0.1586541874507365,91,BJP
Varanasi North,252,4777,0.12085785768390316,577,0.31231125233550405,180,0.2042431593337054,118,0.1643852137418655,95,0.1581909174896819,91,0.1608694570992431,93,BJP
Varanasi North,257,4832,0.10601970031025869,512,0.30044165895341196,154,0.22016614725386507,113,0.16313801568909034,84,0.1572405720902688,81,0.1590136060133639,81,BJP
Varanasi North,262,5024,0.10288205745579561,517,0.3088015855522241,160,0.21712550305692865,112,0.1599535304422824,83,0.15646814986743068,81,0.1576512310811344,82,BJP
Varanasi North,267,4812,0.10941086548444683,526,0.2592953605228039,136,0.25753608257660004,135,0.16560076592385414,87,0.1578336493461224,83,0.1597341416306195,84,BJP
Varanasi North,272,4666,0.11908271711350887,556,0.29419786466418957,164,0.22525768415301528,125,0.1631178338071087,91,0.15717335724170337,87,0.16025326013398297,89,BJP
Varanasi North,277,4932,0.10345648636169898,510,0.3327640559547048,170,0.2013045196285544,103,0.15668572187095525,80,0.15369749170326172,78,0.15554821084252396,79,BJP
Varanasi North,282,4681,0.11670446323165908,546,0.273626420670184,149,0.23097605604658267,126,0.1707419448242794,93,0.16121321757347226,88,0.16344236088548156,89,BJP
Varanasi North,287,4819,0.10714635444164557,516,0.29906022505644175,154,0.22519983782229583,116,0.16164197005229686,83,0.15584704428394966,80,0.15825092278501593,82,BJP
Varanasi North,292,4744,0.11038578557418671,524,0.2896360891544748,152,0.22690699548328228,119,0.1642252055000232,86,0.15857945248240246,83,0.16065225737981736,84,BJP
Varanasi North,297,4988,0.10180479047514154,508,0.29572225298669413,150,0.22416909185650835,114,0.1639994586493852,83,0.15721903140023358,80,0.15889016510717865,81,BJP
Varanasi North,302,4680,0.10623834349500673,497,0.28531767278355286,142,0.2310903673569696,115,0.16436489951036723,82,0.15883586121569834,79,0.16039119913341196,80,BJP
Varanasi North,307,4917,0.1010097372467169,497,0.31182032348758565,155,0.21347955600889854,106,0.16191969209639512,80,0.155304163121099,77,0.15747626528602174,78,BJP
Varanasi North,312,5004,0.12088253776587732,605,0.2749570458055102,166,0.23201368528797078,140,0.16729743735014854,101,0.1618409592369974,98,0.16389087231937308,99,BJP
Varanasi North,317,4747,0.10322322316453095,490,0.3188312307244769,156,0.2070910229428035,101,0.16204250887758945,79,0.15538176634431,76,0.1566534711108203,77,BJP
Varanasi North,322,5014,0.10761439311061001,540,0.29833981237370294,161,0.21501464242241766,116,0.16802300143101073,91,0.15816346675768306,85,0.16045907701518544,87,BJP
Varanasi North,327,5034,0.11213479530456082,564,0.3386077797293448,191,0.1915317611817197,108,0.15976747016800777,90,0.15396071519475832,87,0.1561322737261692,88,BJP
Varanasi North,332,4900,0.10884947843583886,533,0.27042012650304487,144,0.2385939931936082,127,0.16965102813315897,90,0.1600211792157376,85,0.16131367295445037,86,BJP
Varanasi North,337,4962,0.12215950170983238,606,0.30790316899045955,187,0.21071823387435468,128,0.16630787130760127,101,0.1566334097750543,95,0.15843731605253022,96,BJP
Varanasi North,342,4782,0.11535352802344447,552,0.30736689378632426,170,0.21037160911470656,116,0.1662095161514176,92,0.1568008535086797,87,0.15925112743887201,88,BJP
Varanasi North,347,4806,0.08995558983641692,432,0.2980379420403351,129,0.21370215570642695,92,0.16819777161565022,73,0.1590436638011523,69,0.16101846683643528,70,BJP
Varanasi North,352,4671,0.11902993807768461,556,0.2875294563777655,160,0.21966877424264916,122,0.16937916156201022,94,0.1611537634453844,90,0.1622688443721907,90,BJP
Varanasi North,357,4834,0.11809601615818358,571,0.31116841208717233,178,0.21139793874361051,121,0.1627827041778555,93,0.1569521305301007,90,0.15769881446126086,90,BJP
Varanasi North,362,5007,0.11580829440254559,580,0.3121717987954609,181,0.21203018030426155,123,0.162714919884407,94,0.1556900655474019,90,0.15739303546846867,91,BJP
Varanasi North,367,4766,0.12537882450788143,598,0.29578250197837697,177,0.220035162230723,132,0.16800873611951264,100,0.1573926623794481,94,0.15878093729193937,95,BJP
Varanasi North,372,4821,0.09276270815910369,447,0.3047063715917353,136,0.20860798158835617,93,0.1653011458792083,74,0.15957965890575876,71,0.16180484203494153,72,BJP
Varanasi North,377,5002,0.11872462037839421,594,0.2927883186461017,174,0.22444360529927687,133,0.16534937459148866,98,0.15778602940541914,94,0.15963267205771367,95,BJP
Varanasi North,382,4868,0.11829884758234643,576,0.2526732240828938,146,0.22997683764958413,132,0.18526199137205515,107,0.16567667156708224,95,0.1664112753283846,96,BJP
Varanasi North,387,4892,0.10423022034230205,510,0.3009944308537647,154,0.21452045750259238,109,0.16519860871447622,84,0.1588125291406461,81,0.1604739737885206,82,BJP
Varanasi North,392,4738,0.10336699316913235,490,0.283636023624237,139,0.2260282042469115,111,0.166489583277016,82,0.1608964739561907,79,0.16294971489564478,80,BJP
Varanasi North,397,4909,0.12718523394747833,624,0.28469672598157714,178,0.22758558987758867,142,0.16778571869406558,105,0.15923043737676096,99,0.16070152807000773,100,BJP
Varanasi North,402,4886,0.10843281502940562,530,0.29412628347960845,156,0.21657696229139958,115,0.16757722011780948,89,0.16000644491317695,85,0.16171308919800556,86,BJP
Varanasi South,3,5005,0.1127746133950085,564,0.28777933003830386,162,0.227078563064641,128,0.1636003552639375,92,0.15890224762039204,90,0.16263950401272556,92,BJP
Varanasi South,8,4982,0.12038468247667103,600,0.2809591329802525,169,0.23220241442800854,139,0.1655589491923247,99,0.1596186688675939,96,0.16166083453182023,97,BJP
Varanasi South,13,4940,0.12000078975783639,593,0.297387750303741,176,0.2114282210662682,125,0.16775782294948244,99,0.16060169642659822,95,0.16282450925391004,97,BJP
Varanasi South,18,4825,0.1269809115975296,613,0.31029956748938875,190,0.2149578328506531,132,0.15992075728093388,98,0.15749943534222588,97,0.1573224070367983,96,BJP
Varanasi South,23,4829,0.10734060129278548,518,0.2254233502179012,117,0.26080319801968865,135,0.20341802818861396,105,0.15496946568630854,80,0.1553859578874877,80,INC
Varanasi South,28,4829,0.1294648372746244,625,0.2923102630929013,183,0.2173383673425818,136,0.16687104739435027,104,0.16079528874739965,100,0.16268503342276697,102,BJP
Varanasi South,33,4666,0.10890760651336605,508,0.2977173891098157,151,0.21438827470470448,109,0.16569758621904954,84,0.15995011370114612,81,0.16224663626528418,82,BJP
Varanasi South,38,4962,0.10334823618231971,513,0.28752492083888276,148,0.22864279346388222,117,0.17138052625109337,88,0.15498720131796445,80,0.1574645581281772,81,BJP
Varanasi South,43,4886,0.1162571275526597,568,0.3164717650588961,180,0.2057347645773765,117,0.16206550664977443,92,0.1568219140781745,89,0.15890604963577845,90,BJP
Varanasi South,48,4710,0.09974377757592057,470,0.2799559045958717,132,0.23155204212339142,109,0.16562590428730115,78,0.1604378120095867,75,0.16242833698384906,76,BJP
Varanasi South,53,4785,0.1116806836454321,534,0.2849613723489785,152,0.2283766933429712,122,0.16442655844778176,88,0.1603189209901752,86,0.16191645487009315,86,BJP
Varanasi South,58,4911,0.11337964961726742,557,0.3163856546941927,176,0.20597849811817487,115,0.1703107073616454,95,0.15296814092348887,85,0.15435699890249807,86,BJP
Varanasi South,63,4815,0.10638558879593021,512,0.28992195569578133,148,0.22640204342070086,116,0.16591250256045348,85,0.15795981776487136,81,0.15980368055819294,82,BJP
Varanasi South,68,4884,0.11856611848053508,579,0.27262139708519617,158,0.21978416215019714,127,0.1906674565446903,110,0.15801207264731543,91,0.1589149115726009,92,BJP
Varanasi South,73,4959,0.11404646235771403,566,0.3019799666676824,171,0.21322271454668093,121,0.16433922614395913,93,0.158831232138701,90,0.16162686050297667,91,BJP
Varanasi South,78,4790,0.11358694897654673,544,0.3089187166977794,168,0.20631728216630962,112,0.16728494499691413,91,0.15780704945996463,86,0.15967200667903228,87,BJP
Varanasi South,83,4651,0.10368674563393462,482,0.3112616504256284,150,0.21537396038712908,104,0.16132334768717985,78,0.1550392355168642,75,0.15700180598319843,76,BJP
Varanasi South,88,4850,0.11410516342241493,553,0.3073596053511832,170,0.21820845741395276,121,0.15999865252273257,88,0.15609054279708676,86,0.15834274191504463,88,BJP
Varanasi South,93,4691,0.11033304944615725,518,0.3191994050312492,165,0.2076690424371396,108,0.16120720845358139,84,0.15498061702759888,80,0.15694372705043091,81,BJP
Varanasi South,98,5045,0.10504193833948736,530,0.2781143224332474,147,0.23679935676715555,126,0.16382003108367033,87,0.15974995564272843,85,0.16151633407319843,86,BJP
Varanasi South,103,4930,0.12057419227375936,594,0.28492949036371046,169,0.23067855162745884,137,0.16557950199248553,98,0.1582806537445927,94,0.16053180227175248,95,BJP
Varanasi South,108,4712,0.10131917056974639,477,0.26710648842106555,127,0.2446891141521618,117,0.1652593523065851,79,0.16060420492139155,77,0.16234084019879597,77,BJP
Varanasi South,113,5019,0.11775858213405554,591,0.27543601782138205,163,0.22768385961347393,135,0.16884016784782363,100,0.16299867339958096,96,0.16504128131773946,98,BJP
Varanasi South,118,5042,0.10981074887265008,554,0.2975302394854718,165,0.21937462843872987,122,0.16686815186693463,92,0.1574468229386938,87,0.15878015727016986,88,BJP
Varanasi South,123,4754,0.11976751892014248,569,0.28203446697112944,160,0.23228799766104447,132,0.1673535082605418,95,0.15808129926061318,90,0.16024272784667107,91,BJP
Varanasi South,128,4845,0.10825446039840637,524,0.2919306777803449,153,0.2245662245783205,118,0.164377145164664,86,0.15826704554067936,83,0.1608589069359914,84,BJP
Varanasi South,133,4997,0.11167457069238405,558,0.2986489701545365,167,0.22196015459889754,124,0.16273124727023686,91,0.15728074287840946,88,0.1593788850979196,89,BJP
Varanasi South,138,4996,0.12204106640838767,610,0.2678871269147931,163,0.23199404044663266,142,0.1723027413865397,105,0.16347886235485426,100,0.1643372288971803,100,BJP
Varanasi South,143,4708,0.12748388177473488,600,0.3010619506030478,181,0.21559489336755427,129,0.16427688642375507,99,0.1583542290928083,95,0.1607120405128345,96,BJP
Varanasi South,148,4767,0.10888155133321793,519,0.3089278205324964,160,0.21096519451136278,109,0.16247658795028114,84,0.15791437699429492,82,0.15971602001156468,83,BJP
Varanasi South,153,4856,0.12462679459178758,605,0.2633778376481486,159,0.24205594444668518,146,0.1690022447490574,102,0.16175578067085106,98,0.16380819248525777,99,BJP
Varanasi South,158,4670,0.10755739535951857,502,0.2811954340018787,141,0.24142914487704858,121,0.16195492184485352,81,0.15732790166975008,79,0.15809259760646918,79,BJP
Varanasi South,163,4696,0.13626059523506062,640,0.2512209029092507,161,0.2474493469702763,158,0.17411794772001893,111,0.1632577281866702,104,0.16395407421378394,105,BJP
Varanasi South,168,4681,0.10183269383268874,477,0.3175478454104123,151,0.2051229545635737,98,0.1648141843377778,79,0.15555091109509286,74,0.1569641045931432,75,BJP
Varanasi South,173,5025,0.1110209707971551,558,0.300836130755383,168,0.21578016072375372,120,0.16334258552702935,91,0.15961460566954855,89,0.16042651732428528,90,BJP
Varanasi South,178,4861,0.10676365782796032,519,0.28749712968420105,149,0.23209433844294955,120,0.16550171167547248,86,0.1566777393451988,81,0.1582290808521781,82,BJP
Varanasi South,183,5005,0.11687751980205564,585,0.3044842526389485,178,0.20854245727482407,122,0.1679236524482551,98,0.15857041676207362,93,0.16047922087589878,94,BJP
Varanasi South,188,4962,0.10340107015894683,513,0.28894640416458617,148,0.22938824322201112,118,0.163816462410826,84,0.1582696591107496,81,0.15957923109182712,82,BJP
Varanasi South,193,5020,0.1159913703716909,582,0.31222797915533884,182,0.21364914189620782,124,0.160949810737999,94,0.15519681700416862,90,0.15797625120628578,92,BJP
Varanasi South,198,4740,0.11416983136407412,541,0.24283258313628536,131,0.2574198901718532,139,0.17326772791047548,94,0.16227572613177146,88,0.1642040726496145,89,INC
Varanasi South,203,4712,0.11554974410084147,544,0.29299400889886024,159,0.22653697495205885,123,0.16315964558021973,89,0.15782334014123958,86,0.15948603042762152,87,BJP
Varanasi South,208,4770,0.10727078985791387,512,0.2822307628551983,145,0.2225924074541844,114,0.16816554397083286,86,0.16278303765311702,83,0.16422824806666744,84,BJP
Varanasi South,213,4893,0.12580364852399745,616,0.281525396850873,173,0.22029647965363686,136,0.17270073315741707,106,0.1619666305757961,100,0.16351075976227705,101,BJP
Varanasi South,218,4989,0.10738727448260112,536,0.3035278634095751,163,0.21328416122864938,114,0.16387753516471884,88,0.1590762270371384,85,0.16023421315991826,86,BJP
Varanasi South,223,4866,0.0984710205663357,479,0.29489964987940914,141,0.2323792179864488,111,0.16048571712106244,77,0.15471263993666814,74,0.15752277507641152,75,BJP
Varanasi South,228,5034,0.10751710599049719,541,0.3041714741877423,165,0.21626438381170024,117,0.1648686568463068,89,0.1566094393334774,85,0.15808604582077315,86,BJP
Varanasi South,233,5007,0.11401455323280515,571,0.2947512055368353,168,0.23486084658341064,134,0.15941982685706382,91,0.15470045192661622,88,0.15626766909607404,89,BJP
Varanasi South,238,4954,0.11867844336688692,588,0.29287060244765445,172,0.21949487915452795,129,0.16511237188016753,97,0.1605519808083728,94,0.1619701657092773,95,BJP
Varanasi South,243,4721,0.10805041352666536,510,0.311778889441047,159,0.20574279319200137,105,0.16292759071341648,83,0.15896870355155424,81,0.1605820231019809,82,BJP
Varanasi South,248,4943,0.1024769360392842,507,0.30961110074459397,157,0.2175652913518927,110,0.16125363516425814,82,0.15484777745446604,79,0.1567221952847891,79,BJP
Varanasi South,253,4659,0.10645804934968792,496,0.30198453655243684,150,0.22216324680521574,110,0.16165008838111014,80,0.15619335816007313,77,0.15800877010116404,78,BJP
Varanasi South,258,5024,0.10644072443961966,535,0.29265098665224726,157,0.22053306393641559,118,0.165170099048365,88,0.15968475398275697,85,0.16196109638021514,87,BJP
Varanasi South,263,4894,0.1090717739729275,534,0.2880895098279699,154,0.22626857250344995,121,0.16467859382435787,88,0.1597268565778255,85,0.1612364672663968,86,BJP
Varanasi South,268,4736,0.11334167627916644,537,0.3049491398431838,164,0.22028914976619587,118,0.16029279313209124,86,0.15648306160923484,84,0.1579858556492942,85,BJP
Varanasi South,273,4848,0.10679697713360407,518,0.30938030560107027,160,0.21592198495710496,112,0.16103293513237266,83,0.15590066372476494,81,0.15776411058468712,82,BJP
Varanasi South,278,4950,0.11691895992193511,579,0.29411160924586777,170,0.2235204847594922,129,0.16472379699892967,95,0.15799342364921135,91,0.15965068534649898,92,BJP
Varanasi South,283,4747,0.1110672725402243,527,0.28586675964264296,151,0.22394298914747343,118,0.17259423284021239,91,0.15828934624240432,83,0.15930667212726687,84,BJP
Varanasi South,288,4987,0.10552527616058711,526,0.2992614798894778,157,0.21369931517168828,112,0.1659295591833356,87,0.15986139508120092,84,0.16124825067429746,85,BJP
Varanasi South,293,4679,0.10391068902195105,486,0.29173146008062406,142,0.2238345158464921,109,0.1639811184188443,80,0.15934943450641717,77,0.16110347114762233,78,BJP
Varanasi South,298,4993,0.1018973138712002,509,0.2863814234676054,146,0.22241453348937015,113,0.16739366103119085,85,0.16120633999420247,82,0.1626040420176312,83,BJP
Varanasi South,303,4967,0.09102829421055872,452,0.3048579127260194,138,0.21382866551792268,97,0.16331799964498306,74,0.1578550345112966,71,0.1601403875997783,72,BJP
Varanasi South,308,4894,0.11571751337139803,566,0.30397763649532744,172,0.22533851738707267,128,0.16092119332836474,91,0.1543023344273943,87,0.155460318361841,88,BJP
Varanasi South,313,4763,0.11096794598427921,529,0.28007219787235454,148,0.22662182819133414,120,0.16891908049960985,89,0.1613442503471817,85,0.16304264308951977,86,BJP
Varanasi South,318,5024,0.09184350870009433,461,0.29850239920051397,138,0.2310766663330449,107,0.15923553234019908,73,0.15502637620248133,71,0.1561590259237606,72,BJP
Varanasi South,323,5046,0.11132421418589858,562,0.24558378109437326,138,0.25905071576412275,146,0.17041812015864555,96,0.16159196953737376,91,0.1633554134454848,92,INC
Varanasi South,328,4789,0.11199368011019617,536,0.28715772234662623,154,0.22580318515813577,121,0.1634869145072777,88,0.1610604526377403,86,0.1624917253502199,87,BJP
Varanasi South,333,4971,0.12497867589808598,621,0.2949843619726593,183,0.22173944719332078,138,0.16961377170079472,105,0.15564220842554377,97,0.15802021070768132,98,BJP
Varanasi South,338,4842,0.110941392776012,537,0.2955517210531999,159,0.2268744268726238,122,0.16260527302693598,87,0.1566012817064205,84,0.1583672973408198,85,BJP
Varanasi South,343,4813,0.12280880794637351,591,0.29515702050808584,174,0.22138878914858068,131,0.16492299117045853,97,0.15814673506552848,93,0.16038446410734633,95,BJP
Varanasi South,348,4950,0.10592396586862236,524,0.28069402213395855,147,0.23934973941149987,125,0.16378132439696472,86,0.1576630157742197,83,0.15851189828335716,83,BJP
Varanasi South,353,4744,0.11855488726604783,562,0.3003759452983251,169,0.21794860672991592,122,0.16506991065242402,93,0.15715909025774547,88,0.15944644706158956,90,BJP
Varanasi South,358,4959,0.10775250858696846,534,0.31482111552875186,168,0.21028389832772656,112,0.16227865776697012,87,0.15550606844783976,83,0.15711025992871175,84,BJP
Varanasi South,363,4846,0.11103451975231772,538,0.2782831257970504,150,0.23980559353639305,129,0.16335905539524959,88,0.15903356329194274,86,0.1595186619793642,86,BJP
Varanasi South,368,4943,0.11110573139331302,549,0.2892789734578612,159,0.22051668859895038,121,0.16896721700784728,93,0.1599634054153362,88,0.16127371552000488,89,BJP
Varanasi South,373,4842,0.11210480083089798,543,0.2877702940245342,156,0.23447805894314025,127,0.1646117365326964,89,0.15596444397752682,85,0.15717546652210249,85,BJP
Varanasi South,378,4902,0.11465669071959003,562,0.29947190249416206,168,0.21032948401594936,118,0.16630726793627762,93,0.16138375416792042,91,0.16250759138569054,91,BJP
Varanasi South,383,4695,0.11414171372535065,536,0.2947126785290828,158,0.22092826151514736,118,0.16436429733929442,88,0.1587645727722885,85,0.16123018984418697,86,BJP
Varanasi South,388,5014,0.09229817417082928,463,0.30150136961967255,140,0.21784578317519399,101,0.16359611559923248,76,0.15730900850096155,73,0.1597477231049395,74,BJP
Varanasi South,393,4748,0.09981787662125664,474,0.31916311184953755,151,0.20946460967857966,99,0.1591799072825436,75,0.15530347445721968,74,0.1568888967321196,74,BJP
Varanasi South,398,4924,0.10370912245555786,511,0.28621451083650734,146,0.22412787992399377,115,0.16745762438462733,86,0.16094217950447912,82,0.16125780535039239,82,BJP
Varanasi South,403,4720,0.11626684529886308,549,0.28672410143414995,157,0.23547898030471293,129,0.16115607646273472,88,0.1578007009235457,87,0.15884014087485673,87,BJP
